response,mattr_10,mattr_20,mattr_25,mattr_30,mattr_50,mattr_75,mattr_100,hdd,mtld,ttr
"Common symptoms of diabetes include frequent urination, excessive thirst, increased hunger, unexplained weight loss, fatigue, blurred vision, slow-healing wounds, and numbness or tingling in hands or feet.",0.9888888888888887,0.9875,0.9733333333333333,0.9629629629629629,0.9629629629629629,0.9629629629629629,0.9629629629629629,0.0,204.11999999999972,0.9629629629629629
"A butterfly's life cycle has four stages—egg, larva (caterpillar), pupa (chrysalis), and adult—each stage plays a role in its transformation into a butterfly.",0.9857142857142858,0.9624999999999999,0.9130434782608695,0.9130434782608695,0.9130434782608695,0.9130434782608695,0.9130434782608695,0.0,74.05999999999996,0.9130434782608695
"Crop yield variability is influenced by soil quality, weather conditions, pest and disease pressure, irrigation, fertilizer use, and farming practices.",0.9727272727272728,0.95,0.95,0.95,0.95,0.95,0.95,0.0,111.99999999999991,0.95
"Best practices for soil fertility management include crop rotation, using organic manure or compost, balanced fertilizer application, cover cropping, and regular soil testing.",1.0,0.9249999999999999,0.9130434782608695,0.9130434782608695,0.9130434782608695,0.9130434782608695,0.9130434782608695,0.0,74.05999999999996,0.9130434782608695
"The first thing you notice about Sylvalore is the hush—not silence, no, but the kind of quiet that breathes. High above the ground, the city stirs in the canopy of trees older than memory itself. The trunks stretch like columns toward the sky, wider than a house and so tall that their crowns disappear into drifting mist. Between them, the city hangs—woven, grown, and whispered into existence by the will of the forest.You arrive just before dawn, carried by a glider shaped like a moth’s wing. The landing platform unfurls beneath you—a thick, curling leaf edged in amber veins. It senses your weight and steadies itself. Below, the vast forest floor lies in shadow, barely visible. Up here, everything lives closer to the sun.A gentle thrum pulses through the wood beneath your feet. It’s the Forestheart—Elarindel—awake and aware. The city, after all, is not built upon the trees. It is part of them. When Sylvalore was founded, millennia ago, the First Speakers sang to the roots and bartered with the forest’s soul. In exchange for reverence and harmony, the trees opened themselves—growing homes, marketplaces, gardens, and even amphitheaters among their limbs.You step onto the main bridge, woven from living vines that gently flex as you walk. Below it, an orchestra of sounds floats up: the gurgle of sapstream fountains, the deep clicks of wooden wind chimes, and somewhere, the thin, sweet song of a flutebird in morning praise.A group of children race past you, barefoot and laughing, their cloaks stitched with mirrorwings that catch the light and scatter it like rainbows. Their hair is adorned with tendrils that curl and bloom with emotion—an inheritance from the trees themselves, some say. One skids to a halt and grins at you, pupils shaped like tiny leaves. “First time topside?” she asks, then giggles and runs off again.As the sun crests the treetops, Sylvalore awakens fully. Homes shaped like blossoms slowly unfold their roofs to the light. Herbalists hang crystalline pots outside their balconies, each catching a different scent from the breeze—rosemary-mint, spiced amber, crushed twilight berries. The air is heavy with scent and promise.You pass by a gathering circle, where elderwood druids speak softly to the trees, their palms pressed to bark, receiving slow, ancient responses in a language of rustling leaves and shifting roots. In a floating greenhouse, a weaver coaxed threads from the silk-bugs of the upper boughs—glistening strands finer than moonlight. Her loom hums, each thread resonating with the song of the tree that raised the cocoon.The people here call themselves Canopians. Not elves, not humans, not quite fae—something between, or perhaps something entirely else. Their eyes reflect stars, their voices harmonize with birdsong, and their lives move in rhythm with the breath of Elarindel. They do not farm, but coax. They do not mine, but listen. They do not build, but grow.At dusk, the city becomes a dream.Bioluminescent fungi unfurl in gentle glows, dotting the paths in sapphire, jade, and soft lilac. Firewisps—tiny spirits of wind and flame—flit between lanterns made of petrified petals. Music flows from the treetop taverns: deep drumbeats like heartwood pulses, accompanied by instruments strung with vine-fiber.You lie that night in a nest-shaped guesthouse, curved and warm, and as you drift off, you feel it again—the pulse. The forest breathes, and it remembers your name. Sylvalore has accepted you. You are not a visitor here. Not anymore.",0.9568592057761705,0.912499999999996,0.8963265306122438,0.8840823970037439,0.8432295719844344,0.8038991138377655,0.7742672413793104,0.8625469206792938,151.42218959072778,0.5914742451154529
"Through the Ashes of Vesuvius,Eruption of Mount Vesuvius, 79 AD,Livia, a young kitchen servant in a wealthy Pompeiian household,The morning began with the scent of honeyed bread rising from the ovens. I remember how the sky turned strange—a bruised gray, like storm clouds mixed with ash. I was fetching water when the first rumble came, like the gods dragging stone across the sky. No one paid it mind at first; we’d heard noises before. But this was different. The ground trembled beneath my feet, sloshing water over the basin’s rim. Birds flew in spirals. Dogs barked, then fled. I ran back to the kitchen, the pots rattling like frightened teeth on the shelves.

Lady Amara was shouting for her jewelry, her voice shrill over the cracks in the walls. The master's son had already bolted out the atrium gate, his sandals clapping like hoofbeats on stone. I thought of my mother in the hills, of how she braided my hair before I was sold here. My hands shook as I packed a cloth with dried figs and a bit of cheese—just enough if I could escape. The ash came first, soft like snow, but bitter on the tongue. It clung to our lashes, turned day into dusk.

I never saw the Lady again. I remember sprinting, coughing, the air sharp with sulfur and heat. People stumbled past me like shadows—faces smeared with soot, eyes wide. The city was collapsing around us, not with noise, but with groans, like something ancient was waking. When I reached the hill’s edge, I turned once. Pompeii was disappearing under clouds of fire and dust. I was only a kitchen girl. No one will remember my name. But I remember every sound, every scream, the sting of ash on my skin. And I ran, with the scent of figs in my bag and a prayer on my lips.",0.9625,0.9130952380952388,0.8952249134948078,0.8807511737089229,0.8377272727272722,0.7992189679218955,0.7721495327102809,0.8381341545379862,114.30272405411118,0.6038338658146964
"The trolley problem presents a runaway trolley heading toward five people tied to a track. You can divert it to another track, saving the five but killing one. Utilitarianism, which prioritizes the greatest good for the greatest number, would endorse pulling the lever—maximizing net happiness. In contrast, deontological ethics, particularly Kantianism, argues against using individuals as mere means to an end. Thus, actively causing one person's death to save five would be morally impermissible, regardless of outcome. Virtue ethics shifts the focus to the character of the decision-maker: what would a virtuous person do? This could yield varied answers, depending on interpretations of courage, wisdom, or compassion. Meanwhile, care ethics might emphasize relationships: is the one person your child? Context reshapes the moral calculus. Ultimately, the trolley problem illuminates the tension between consequentialist logic and moral absolutism.",0.9554687500000005,0.9173728813559328,0.9072566371681412,0.899074074074075,0.8461363636363642,0.7932275132275133,0.7718421052631578,0.856170263244329,142.0356756756757,0.7299270072992701
"It begins as a scent—baked earth after the rain, or the ghost of lavender from a drawer long unopened. A song plays in the background, faint and warbled, yet it pulls something taut inside you. The air feels heavier, tinged with sweetness and sorrow. Your chest tightens, not from pain, but from a longing that arrives uninvited, settling like dust on memory's shelf. The edges of your mind blur into half-formed images: a sunlit veranda, laughter echoing through a hallway, hands you haven't held in years. Time folds strangely here. You smile, but there is ache beneath it—the ache of something lost but never forgotten, of moments not relived but deeply felt. It is a warmth wrapped in melancholy, both comfort and yearning entwined.",0.96608695652174,0.9314285714285725,0.9188000000000004,0.9105263157894723,0.876,0.8322666666666666,0.7748,0.8689368961575388,134.54000000000002,0.7419354838709677
"Consider Mary Shelley's Frankenstein and Rupi Kaur's milk and honey. At first glance, a Gothic novel and a contemporary poetry collection seem unrelated. Yet both probe themes of identity, suffering, and creation. Shelley's Victor Frankenstein births life through science, only to reject his creation, sparking questions of responsibility and alienation. Kaur, through sparse free verse, explores emotional survival, trauma, and feminine resilience. Stylistically, Shelley employs dense, formal prose and epistolary narration, reflecting Enlightenment anxieties. Kaur uses minimalism and Instagram-era accessibility, her lowercase typography echoing vulnerability and rawness. While Shelley poses philosophical dilemmas in metaphor, Kaur renders personal pain as universal insight. Both achieve artistic resonance by marrying form to theme, though their mediums and aesthetics diverge sharply.",0.9842592592592594,0.9520408163265315,0.9376344086021511,0.9215909090909086,0.8797058823529413,0.8620155038759687,0.8405555555555554,0.8998968939954033,182.51999999999998,0.8205128205128205
"Photosynthesis is the process by which green plants, algae, and certain bacteria convert light energy into chemical energy. It occurs primarily in chloroplasts, where chlorophyll pigments capture sunlight. The process consists of two main stages: the light-dependent reactions and the Calvin cycle. In the light-dependent reactions, photons excite electrons in chlorophyll, initiating a cascade through the electron transport chain. This produces ATP and NADPH while splitting water molecules to release oxygen. The Calvin cycle, occurring in the stroma, uses ATP and NADPH to fix atmospheric carbon dioxide into glucose. This transformation of light into stored chemical energy sustains most life on Earth, forming the base of the food chain and regulating global carbon levels.",0.9552380952380959,0.9073684210526325,0.8848888888888887,0.8576470588235293,0.771384615384615,0.7086666666666666,0.672,0.8224759290928904,81.20568570155021,0.6666666666666666
"Communication in the digital age has evolved from static emails to ephemeral messages, live streams, and AI-generated content. Platforms like Twitter (X), Instagram, and TikTok encourage brevity, immediacy, and visual storytelling. Advantages include global connectivity, democratized expression, and rapid information sharing. However, these come at a cost. The reduction of nuance, echo chambers, misinformation, and parasocial relationships all distort meaningful dialogue. Attention spans shorten; depth is often sacrificed for speed. Looking ahead, technologies like neural interfaces or immersive AR/VR may blur boundaries further, challenging what 'presence' and 'authenticity' mean. As communication becomes more fluid and mediated, the human need for connection remains constant, even as its form changes.",0.98989898989899,0.9679775280898881,0.9628571428571424,0.9611814345991565,0.9488135593220334,0.9266666666666672,0.9011111111111112,0.9348329616793497,272.1599999999999,0.8888888888888888
"Formal: Quantum entanglement is a quantum mechanical phenomenon wherein two or more particles become correlated in such a way that the state of one cannot be described independently of the state of the other, regardless of the spatial separation between them. Measurement on one entangled particle instantaneously influences the state of the other, a nonlocal interaction that challenges classical intuitions about causality and locality. Informal: So, imagine two particles that get really closely linked—like cosmic twins. Even if you move one to the other side of the galaxy, the moment you poke it, the other reacts instantly. It's like they share a secret language. Sounds like sci-fi, but it's real physics, and Einstein himself called it 'spooky action at a distance.'",0.9437500000000003,0.8833333333333343,0.8569072164948456,0.8365942028985501,0.7861111111111114,0.7344680851063828,0.6972727272727272,0.8270458651744915,80.96323529411765,0.6942148760330579
"Scientific: A sunset occurs when the sun dips below the horizon due to Earth's rotation. As sunlight passes through a thicker layer of the atmosphere, shorter wavelengths (blue and violet) scatter out, leaving the longer red and orange wavelengths, which dominate the sky. Poetic: The sun bows its golden head, spilling fire across the sky's fading canvas. Clouds blush as if kissed by flame, and shadows stretch like memories across the earth. It is not the end, but an exhale—the day's final hush before the stars whisper awake.",0.9696202531645572,0.9224637681159423,0.9056250000000007,0.8909604519774003,0.8487179487179486,0.8038095238095236,0.7954545454545454,0.856225264451323,120.46222222222221,0.7954545454545454
"Lifelong learning is not merely a virtue; it is a necessity in an ever-evolving world. In a landscape reshaped by technological innovation, cultural flux, and global interdependence, the ability to continuously acquire and adapt knowledge defines both personal success and societal progress. Engaging in lifelong learning cultivates intellectual agility. It equips individuals to pivot careers, embrace innovation, and contribute meaningfully to democratic discourse. Moreover, it fosters curiosity, empathy, and resilience—traits essential to navigating complexity. Institutions and employers should therefore incentivize learning through accessible platforms and flexible structures. In embracing the ethos of continuous growth, we affirm not only our relevance but our humanity.",0.9563829787234045,0.9214285714285717,0.9093670886075955,0.8968468468468466,0.84,0.7990804597701151,0.76,0.8541751102921552,88.06650237985568,0.7475728155339806
"The theory of evolution, proposed by Charles Darwin, explains how living things have changed over time. It suggests that all species of life have a common ancestor and that changes in traits happen gradually over generations due to a process called natural selection. This means that organisms with traits better suited to their environment are more likely to survive and reproduce, passing on those traits. Over long periods, this leads to the development of new species. It’s like nature’s way of editing and improving living beings to adapt to the world around them.",0.9857142857142862,0.9371621621621629,0.906666666666668,0.8828124999999997,0.8154545454545455,0.7529824561403506,0.7311827956989247,0.8384228433159202,96.86880000000001,0.7311827956989247
"Black holes are regions in space where gravity is so strong that nothing, not even light, can escape from them. They form when a massive star runs out of fuel and collapses under its own gravity during a supernova explosion. If the remaining mass is dense enough, it compresses into a very small area, creating a black hole. At the center is a point called the singularity, where gravity is infinitely strong. Surrounding it is the event horizon — the point of no return. Black holes can grow by pulling in nearby matter, and they challenge our understanding of physics, especially space and time.",0.9694736842105268,0.927058823529412,0.9065000000000003,0.8862222222222219,0.8170909090909091,0.7648888888888892,0.718,0.8327398196921124,94.97222222222221,0.7019230769230769
"A smartphone is a small computer that fits in your hand. It works by combining several technologies — a processor that acts like the brain, memory to store data, a screen to display information, and various sensors to detect motion, light, and touch. It connects to the internet using Wi-Fi or mobile networks, letting you browse, message, and make calls. Inside, apps run using an operating system like Android or iOS. When you touch the screen, the phone processes your input and responds instantly, making it a powerful and user-friendly tool for communication, entertainment, and productivity.",0.9678160919540235,0.9259740259740276,0.9066666666666673,0.8855721393034819,0.8102127659574472,0.7448484848484846,0.7291666666666666,0.8335060495042619,97.62461538461538,0.7291666666666666
"Plato and Aristotle were ancient Greek philosophers who had different ideas about the world. Plato believed in a world of perfect .Forms or ideals — for example, every circle in the real world is just an imperfect version of the perfect circle that exists in a higher, abstract reality. He thought true knowledge comes from thinking and reasoning beyond what we see. Aristotle, his student, disagreed and believed that knowledge comes from observing the world around us. He focused on categorizing and studying nature, laying the foundation for modern science. While Plato was more idealistic and abstract, Aristotle was more practical and grounded in reality.",0.9812500000000002,0.9296511627906979,0.8987654320987661,0.8723684210526308,0.8067857142857146,0.7286021505376342,0.6716666666666667,0.8101344441088345,70.54193712151431,0.6476190476190476
"Volcanoes can significantly affect the Earth’s climate. When they erupt, they release ash and gases like sulfur dioxide into the atmosphere. These particles can reflect sunlight away from the Earth, causing a temporary cooling effect. A famous example is the 1991 eruption of Mount Pinatubo, which led to global temperatures dropping slightly for a couple of years. However, the impact depends on how powerful the eruption is and how much material reaches the upper atmosphere. Over time, volcanic gases like carbon dioxide can contribute to warming, but their short-term effects often lean toward cooling.",0.9705882352941173,0.9333333333333336,0.9154285714285724,0.8979487179487176,0.8520000000000005,0.7793333333333334,0.7553191489361702,0.8639984635093061,107.56869565217394,0.7553191489361702
"Hey! I’m here and ready to chat with you. I don’t really have a “day” like humans do, but I’d say things are going great because I get to talk with you. How about you? What’s been going on today — anything on your mind or something you feel like sharing?",0.9690476190476186,0.9296875000000002,0.9022222222222224,0.8651515151515151,0.8,0.803921568627451,0.803921568627451,0.8328171268507408,72.82800000000002,0.803921568627451
"Of course — I’m really glad you reached out. It’s totally okay to feel down sometimes. We all go through moments where things feel heavy, confusing, or just off. If you feel like talking about what’s bothering you, I’m right here. And if you’d rather just chat casually to lift your spirits or take your mind off things, that’s perfectly fine too. You’re not alone in this.",0.9810344827586204,0.9406250000000004,0.9237209302325583,0.9008771929824562,0.8233333333333335,0.8208955223880597,0.8208955223880597,0.8816059562328225,104.74333333333337,0.8208955223880597
"If I could pick a favorite, it might be The Pursuit of Happyness. It’s a deeply emotional film that showcases the raw struggle of a man trying to give his son a better life despite overwhelming odds. What makes it stand out is its quiet resilience — the way it captures both vulnerability and strength. It’s a reminder that perseverance, hope, and love can carry us through the darkest times.",0.9918032786885245,0.937254901960785,0.9243478260869572,0.9146341463414631,0.8428571428571429,0.8,0.8,0.8554069920104188,98.00000000000003,0.8
"I think I’d love to visit Kyoto, Japan. There’s something peaceful and grounded about its traditional temples, bamboo forests, and slow, reflective culture. I imagine walking along stone paths lined with cherry blossoms, sipping warm tea in a quiet teahouse, and watching the world move at a gentler pace. It feels like a place where thoughts could breathe and the heart could rest.",0.9833333333333331,0.9534090909090907,0.9435897435897442,0.9401960784313724,0.9100000000000003,0.873015873015873,0.873015873015873,0.9039812646370036,138.91500000000002,0.873015873015873
"A cozy evening with friends would feel like a warm hug after a long day. Picture soft lighting, maybe some fairy lights or candles, cushions piled on the floor, and gentle music in the background. You’re sitting close with people you trust, sharing snacks, laughing over silly memories, or even sitting in comfortable silence. There’s no pressure to be anything other than yourself — just comfort, closeness, and calm.",0.9716666666666666,0.9529999999999998,0.9431111111111116,0.9308333333333332,0.889,0.8695652173913043,0.8695652173913043,0.9178341031415802,148.11999999999998,0.8695652173913043
"The forest stood in hushed stillness, as if holding its breath after the storm had passed. Rain clung to every leaf and blade of grass, glistening like tiny crystals in the soft, misty light. The earthy scent of wet soil rose into the air, mingling with the gentle perfume of moss and pine. Droplets fell occasionally from overburdened branches, creating soft plinks that echoed through the trees. A light fog curled between the trunks like a slow-moving spirit, and the world felt reborn — washed clean, calm, and whispering only to those who listened closely.",0.9732558139534886,0.9289473684210533,0.9121126760563387,0.8949494949494943,0.841304347826087,0.798730158730159,0.7894736842105263,0.8645592070053374,126.35000000000002,0.7894736842105263
"Imagine a planet where gravity flows sideways, and nothing truly “falls.” Mountains rise horizontally like vast stone curtains, and rivers flow in spiraling loops through midair. The skies shimmer with hues unknown on Earth — colors that bend the mind and defy names. Creatures with fluid bodies shift shape at will, moving not by walking, but by bending the very fabric of space beneath them. Light moves in waves that hum like music, and time feels elastic — moments stretch and compress unpredictably. It’s a place where the laws we rely on unravel, and wonder takes their place.",0.9887640449438202,0.9575949367088615,0.9427027027027035,0.931400966183574,0.875918367346939,0.8194444444444442,0.7857142857142857,0.8863530576932326,128.05333333333334,0.7857142857142857
"It was a city that never slept, but not because of its noise or neon glare. Its sleeplessness was different — quieter, watchful, almost as if the city itself were holding its breath. People moved with urgency, never looking up, as if afraid the sky might notice them. Beneath the bustle, stories whispered through alleyways and flickered in the corners of streetlamps. One night, a boy with a cracked violin played a song so haunting it stilled the hurried feet. For a brief moment, the city seemed to exhale, blinking in time with his melody, and remembered what it meant to dream.",0.9720430107526883,0.925903614457832,0.9046153846153856,0.8858447488584473,0.8464150943396225,0.8057142857142857,0.7533333333333333,0.85773327929939,112.04307692307694,0.7450980392156863
"My human is a curious creature — clumsy on two legs, always rushing, but oddly endearing. She talks to me like I understand every word (which, of course, I do, though I choose not to respond). She feeds me promptly, though she sometimes forgets I like the top part of the kibble best. She calls me silly names and laughs when I knock things off tables — as if I don’t do it with purpose. But when she’s sad, I curl against her chest and feel her heartbeat slow. I pretend it's for her sake, but truly, she’s the one who rescued me.",0.9659574468085108,0.9053571428571433,0.8729113924050643,0.8454954954954953,0.7870370370370374,0.7393103448275863,0.7275,0.8445643632230786,104.54500000000002,0.7281553398058253
"They lie in quiet corners of our minds, those forgotten dreams — faded sketches drawn in moments of wonder, now buried beneath errands and expectations. Once, they burned like stars in a child’s eyes, bright with promise, untamed by doubt. Now they whisper in the pauses between thoughts, in the stillness before sleep, asking softly, “Do you remember me?” Some float gently away, content to have once existed. Others linger, waiting for the day we might reach for them again, brush off the dust, and breathe them back to life — if only to feel that spark once more.",0.9766666666666672,0.93875,0.924800000000001,0.9109523809523804,0.88,0.8501333333333335,0.797979797979798,0.8904307114910931,137.21400000000003,0.797979797979798
"Social media platforms are double-edged swords in modern society. On one hand, they enable global connection, give marginalized voices a platform, and help spread information quickly. They’ve revolutionized how we communicate, campaign, and create communities across borders. On the other hand, these platforms often amplify misinformation, encourage performative behavior, and can negatively impact mental health through comparison, cyberbullying, and addiction. The algorithms tend to prioritize outrage and sensationalism, shaping public opinion in ways that may not always align with truth or empathy. So, while social media can help society evolve and connect, its unchecked influence can just as easily harm the social fabric.",0.9957446808510638,0.9720238095238103,0.9620253164556963,0.9490990990990987,0.908518518518519,0.8878160919540229,0.8324999999999999,0.9005691497948497,156.34315789473683,0.8155339805825242
"Those in favor of granting AI certain rights argue that as AI systems grow more advanced — potentially reaching levels of self-awareness or autonomous decision-making — they may deserve moral consideration. If an AI can think, feel, or suffer (hypothetically), denying it rights could become ethically questionable, similar to past debates over animal rights. On the other side, opponents argue that AI, no matter how advanced, lacks consciousness and biological life — it's a tool created by humans, not a being. Granting it rights could blur ethical boundaries, undermine human responsibility, and complicate accountability. The debate ultimately hinges on where we draw the line between intelligence and personhood.",0.9878787878787882,0.9634831460674168,0.9542857142857141,0.9455696202531652,0.9057627118644074,0.8360784313725493,0.7744444444444444,0.8851366228812895,125.61230769230772,0.7592592592592593
"Capitalism has both fueled and constrained artistic expression. On one hand, it provides artists with opportunities to earn a living, reach audiences through commercial platforms, and innovate through competition and market demand. Artistic careers, once rare, can now flourish via branding, sponsorships, and digital monetization. However, capitalism can also compromise artistic integrity, pushing creators to prioritize profit over authenticity. Art risks becoming a product tailored to trends rather than a genuine expression of thought or emotion. The result is a tension where art must often navigate between staying true to its soul and surviving in a market-driven world.",0.9842696629213482,0.946835443037975,0.9291891891891895,0.9115942028985496,0.8824489795918364,0.8461111111111109,0.8163265306122449,0.8907646548766243,149.3955555555556,0.8163265306122449
"Orwell’s 1984 explores themes of totalitarianism, surveillance, language manipulation, and individual freedom. At its core, the novel warns about the dangers of an all-powerful state that seeks to control not just actions, but thoughts. The omnipresent “Big Brother” and the Thought Police illustrate the terrifying reach of government over privacy. Newspeak, the fictional language, shows how restricting words can limit the ability to think critically or rebel. The erosion of truth — where facts can be rewritten — speaks to the fragility of reality under authoritarian rule. Ultimately, 1984 is a chilling exploration of how power, if unchecked, can dismantle human dignity and identity.",0.968421052631579,0.909411764705883,0.8870000000000005,0.8640000000000001,0.8116363636363634,0.7786666666666667,0.752,0.8455110571713924,116.48,0.75
"Let’s compare the political systems of the United States and China. The U.S. is a federal democratic republic with a constitution that ensures separation of powers among the executive, legislative, and judicial branches. Citizens elect representatives, and freedom of speech, press, and political participation are constitutionally protected. In contrast, China is a single-party authoritarian state led by the Chinese Communist Party (CCP). While it has a structured government and periodic elections within the party, the CCP maintains control over all branches of power, and political dissent is tightly restricted. While the U.S. system emphasizes pluralism and checks and balances, China’s system prioritizes centralized stability and long-term policy execution over political competition.",0.9539215686274515,0.9076086956521741,0.8878160919540234,0.8707317073170727,0.7999999999999999,0.7329729729729729,0.6749999999999998,0.7920319042011897,72.79442100328177,0.6576576576576577
"Freedom, at its essence, is the ability to act, think, or live without external restraint — but true freedom is more complex than simply doing as one pleases. It includes autonomy over one’s decisions, access to opportunity, and the absence of fear or coercion. However, freedom is always tied to responsibility and the social context we live in; one person’s freedom can infringe upon another’s. There’s also internal freedom — the ability to free oneself from anxiety, past traumas, or societal expectations. So, real freedom might not just be political or external, but a deep inner state of clarity and self-direction.",0.9978260869565218,0.9658536585365862,0.9506493506493505,0.9337962962962951,0.8546153846153844,0.8074074074074074,0.745,0.8508092011073615,109.8569230769231,0.7425742574257426
"Objective truth refers to facts that exist independently of beliefs, feelings, or perceptions — like the boiling point of water or the laws of gravity. In science and mathematics, such truths are often observable and repeatable. But in areas like morality, politics, or personal experience, truth becomes murkier, often shaped by culture, language, or perspective. While some argue that everything is subjective, others hold that at least some truths must be universal. The real challenge lies in distinguishing what is genuinely objective from what only feels true because it aligns with our views or environment.",0.9732558139534886,0.9052631578947372,0.8867605633802828,0.8696969696969694,0.8156521739130437,0.7587301587301588,0.7473684210526316,0.8542833614129925,105.29166666666667,0.7473684210526316
"Time and change are intimately linked — our perception of time often relies on witnessing movement or transformation, like the ticking of a clock, the rising of the sun, or aging. If absolutely nothing changed — no motion, no thought, no decay — could we still measure or even sense time? Some philosophers and physicists argue that without change, time becomes meaningless; it’s only through events unfolding that time takes shape. Others suggest time could still exist as a dimension, even if nothing moves through it. It’s a question that lies at the edge of metaphysics and physics, with no easy answer.",0.9526881720430107,0.89698795180723,0.873333333333334,0.8547945205479452,0.7932075471698117,0.7166666666666668,0.68,0.8197422172880273,87.11673151750972,0.6764705882352942
"The paradox of choice suggests that while having choices is empowering, too many choices can overwhelm us and reduce satisfaction. In modern life, we're bombarded with endless options — from what to eat to how to live — and this abundance, rather than liberating us, often leads to anxiety, decision fatigue, and fear of missing out. The more options we have, the more we worry we’re choosing “wrong,” and the more we second-guess ourselves. Ironically, the pursuit of perfect choice can leave us less content than if we had fewer but clearer paths.",0.9380952380952379,0.8756756756756766,0.8498550724637683,0.8265625,0.7749999999999999,0.7200000000000001,0.6881720430107527,0.8109756930572599,73.2953593194515,0.6881720430107527
"Living a meaningful life doesn’t have a single definition — it’s a deeply personal journey shaped by values, purpose, connection, and growth. For some, meaning comes from relationships, creativity, service, or faith. For others, it lies in exploration, self-discovery, or leaving a legacy. What most meaningful lives share is a sense of alignment — when one’s actions reflect one’s beliefs, and each day feels connected to something larger than just survival or routine. A meaningful life may not always be happy, but it’s rich, reflective, and filled with intention, even amidst challenges.",0.9795180722891564,0.9595890410958909,0.9529411764705891,0.9412698412698409,0.8860465116279068,0.848888888888889,0.8152173913043478,0.8911320908482449,139.40705882352938,0.8152173913043478
"Okay! Imagine you have two magical marbles — one red and one blue — but you don’t know which is which. You give one marble to your friend and keep the other. Even if your friend goes to the moon, the moment you look at your marble and see it’s red, your friend’s marble will instantly become blue — like magic! In quantum entanglement, tiny particles like electrons or photons can become linked like those marbles. No matter how far apart they are, knowing something about one instantly tells you something about the other. It’s like they’re connected by an invisible string that works faster than anything we know.",0.9419999999999997,0.8766666666666678,0.8489411764705892,0.8299999999999997,0.7733333333333337,0.7074285714285715,0.635,0.8145506022253797,57.44676700111483,0.6422018348623854
"A neural network is a system designed to mimic how the human brain processes information. Its core components are neurons (nodes), layers, weights, biases, and activation functions. Neurons are organized into layers: the input layer receives raw data, hidden layers process it, and the output layer delivers the final prediction. Weights determine the importance of inputs, while biases help shift the output of neurons to better fit data patterns. Activation functions decide whether a neuron should “fire” or not, introducing non-linearity so the network can learn complex patterns. Together, these parts allow a network to learn from data through training.",0.9626373626373622,0.8919753086419762,0.8610526315789481,0.8319248826291076,0.7435294117647058,0.678974358974359,0.65,0.7996984558577802,68.91727872525831,0.65
"DNA transcription is the first step in turning genetic instructions into proteins. It begins when an enzyme called RNA polymerase binds to a specific section of DNA (the promoter region). It unwinds the DNA and reads one strand, building a matching strand of messenger RNA (mRNA) by pairing DNA bases with their RNA complements (A with U, T with A, C with G, and G with C). Once the mRNA strand is complete, it detaches and leaves the nucleus, carrying the genetic code to the ribosome. There, it will be translated into a protein during the next stage — called translation.",0.9184782608695656,0.8384146341463414,0.805194805194805,0.7740740740740749,0.6915384615384619,0.637037037037037,0.615,0.7651132723035011,59.363020420813385,0.6138613861386139
"Blockchain ensures security through decentralization, cryptography, and consensus mechanisms. Each block in the chain contains a list of transactions, a timestamp, and a cryptographic hash of the previous block. This means if someone tries to alter a block, the entire chain after it becomes invalid. Because the blockchain is distributed across many computers (nodes), no single entity controls it. To validate transactions, the network uses consensus algorithms like Proof of Work or Proof of Stake, which require agreement among nodes before a new block is added. This combination of encryption and transparency makes blockchain highly resistant to tampering.",0.9662921348314605,0.9113924050632913,0.8891891891891899,0.8729468599033805,0.8232653061224491,0.741111111111111,0.7040816326530612,0.8269911767479996,98.0,0.7040816326530612
"TCP (Transmission Control Protocol) and UDP (User Datagram Protocol) are two ways computers send data over the internet, but they work differently. TCP is like sending a registered letter — it makes sure every piece of data arrives correctly and in order, and if something’s missing, it tries again. It’s reliable, but slower. UDP is more like throwing a bunch of postcards — it's fast, but doesn't check if everything arrives or if it's in the right order. That’s why TCP is used for things like web browsing or file downloads, and UDP is used for video streaming or online games, where speed matters more than perfection.",0.9826530612244899,0.9392045454545457,0.9209638554216878,0.908119658119657,0.8148275862068969,0.7224242424242425,0.68625,0.8475047595568798,77.44530327268377,0.6822429906542056
"Early signs of diabetes can be subtle and often go unnoticed. Common symptoms include increased thirst and frequent urination, as the body tries to flush out excess sugar through the urine. People may also experience unexplained weight loss, fatigue, blurred vision, slow-healing wounds, and frequent infections. In Type 2 diabetes, symptoms may develop gradually over time, making early detection tricky. Some may notice tingling or numbness in the hands and feet due to nerve damage. Recognizing these early signs and getting a blood sugar test can help with timely diagnosis and better management.",0.9976190476190476,0.9709459459459466,0.958260869565218,0.9442708333333322,0.8909090909090905,0.8336842105263156,0.7956989247311828,0.883586616740563,127.45894736842104,0.7956989247311828
"Flu and COVID-19 share many symptoms, including fever, cough, body aches, fatigue, sore throat, and congestion. However, COVID-19 often includes additional signs such as loss of taste or smell, which is less common with the flu. COVID-19 can also cause breathing difficulties and chest pain in more severe cases, and symptoms may last longer or appear more gradually. Both illnesses are caused by different viruses — influenza viruses for the flu and SARS-CoV-2 for COVID-19 — and while both can lead to serious complications, COVID-19 has been associated with more widespread systemic effects, including blood clots and long-term symptoms.",0.9777777777777777,0.9356250000000003,0.9162666666666672,0.898095238095238,0.8195999999999997,0.7498666666666665,0.7070707070707071,0.8318811016610623,86.86764705882354,0.7070707070707071
"Chronic stress weakens the immune system by consistently elevating cortisol levels — a hormone that, in excess, suppresses immune function. This hormonal imbalance reduces the body's ability to produce infection-fighting white blood cells and inflammatory responses, making individuals more susceptible to colds, infections, and slower wound healing. Long-term stress can also trigger inflammation, which contributes to a range of health problems including autoimmune diseases, cardiovascular issues, and digestive disorders. In short, while acute stress can temporarily boost alertness, chronic stress undermines the immune system’s resilience over time.",0.9948717948717951,0.9742647058823534,0.9644444444444451,0.9505747126436781,0.9121052631578946,0.8625641025641027,0.8275862068965517,0.8988766316470447,141.28799999999998,0.8275862068965517
"The gut microbiome — a community of trillions of bacteria, viruses, and fungi living in our digestive tract — plays a crucial role in maintaining overall health. It helps digest food, produce essential vitamins (like B and K), regulate the immune system, and protect against harmful pathogens. A balanced microbiome also influences brain health through the gut-brain axis, affecting mood and cognitive function. Disruptions in this microbial balance (dysbiosis) have been linked to conditions like obesity, diabetes, depression, and autoimmune diseases. Eating fiber-rich, diverse diets and avoiding unnecessary antibiotics support a healthy gut microbiome.",0.9823529411764708,0.9613333333333338,0.9497142857142862,0.9364102564102563,0.8799999999999996,0.842,0.7872340425531915,0.8742943662978298,123.70400000000002,0.7872340425531915
"Intermittent fasting (IF), which involves cycling between periods of eating and fasting, offers several health benefits. Pros include improved insulin sensitivity, potential weight loss, better metabolic health, and possibly enhanced brain function and cellular repair. Some people also report increased mental clarity and reduced inflammation. However, IF isn't for everyone. Cons include hunger, fatigue, irritability, and potential nutrient deficiencies if not planned well. It may also interfere with social meals or exacerbate disordered eating patterns in vulnerable individuals. As with any diet, sustainability and individual compatibility are key to its effectiveness.",0.9902439024390246,0.9534722222222225,0.9397014925373143,0.9301075268817198,0.8857142857142852,0.8533333333333335,0.8351648351648352,0.9045587386432371,154.5786666666667,0.8351648351648352
"Vaccines work by training the immune system to recognize and respond to pathogens without causing illness. When a vaccine is introduced, it contains either a weakened or inactivated form of the pathogen, or a piece of it (like a protein or mRNA). This triggers immune cells — especially antigen-presenting cells — to capture and present the invader to T-cells and B-cells. B-cells then produce antibodies, while T-cells help destroy infected cells. Memory cells are also formed, so if the actual pathogen enters the body later, the immune system can launch a faster, stronger response.",0.9094117647058821,0.8513333333333332,0.8297142857142862,0.8066666666666665,0.7480000000000001,0.692,0.6702127659574468,0.8041676654230169,65.96704447862894,0.6702127659574468
"To reduce high blood pressure, several lifestyle changes can be highly effective. Regular physical activity — even 30 minutes of walking a day — strengthens the heart and lowers pressure. A balanced diet rich in fruits, vegetables, whole grains, and low in salt (DASH diet) can help regulate blood pressure. Reducing alcohol intake, quitting smoking, managing stress through relaxation techniques, and getting quality sleep are also essential. Weight loss, even a small amount, can significantly impact blood pressure levels. Consistency and gradual habit change are key for long-term control.",0.9925,0.9628571428571427,0.9415384615384617,0.9222222222222223,0.8614999999999998,0.8053333333333331,0.7752808988764045,0.8696514126242113,110.894,0.7752808988764045
"Gene editing in humans, especially using tools like CRISPR, raises complex ethical issues. On one hand, it holds immense promise for eliminating genetic diseases, enhancing quality of life, and advancing medicine. However, concerns arise over unintended consequences, genetic inequality, and the potential for “designer babies,” where traits like intelligence or appearance could be modified for non-medical reasons. There’s also a lack of long-term data on safety and heritability. Ethical frameworks stress the importance of informed consent, global regulation, and distinguishing therapeutic use from enhancement to ensure gene editing serves humanity rather than divides it.",1.0,0.9746666666666671,0.9622857142857149,0.9502564102564097,0.9053333333333328,0.8600000000000001,0.8297872340425532,0.912870827063181,154.63,0.8297872340425532
"Palliative care is a type of medical care focused on relieving symptoms and improving quality of life for patients with serious illnesses, regardless of the stage or whether they are pursuing curative treatment. It can be given alongside other treatments. Hospice care, on the other hand, is a specific type of palliative care for patients nearing the end of life — typically with a prognosis of six months or less — and focuses entirely on comfort rather than cure. While both aim to ease suffering, hospice care begins only when curative options are no longer being pursued.",0.977272727272727,0.9192307692307691,0.8986301369863022,0.8794117647058821,0.776666666666667,0.7049275362318841,0.6494845360824743,0.803102657187435,72.7039411206078,0.6494845360824743
"Rural populations often face significant barriers to mental health care, including a shortage of mental health professionals, long travel distances, and limited access to facilities. Stigma around mental illness can be more pronounced in close-knit rural communities, discouraging people from seeking help. Financial barriers, lack of insurance, and unreliable internet access also make teletherapy less accessible. These challenges can lead to untreated mental health conditions, increased suicide rates, and a cycle of poor outcomes. Addressing these issues requires investment in telehealth infrastructure, training local providers, and community-based awareness programs.",0.9925,0.9778571428571429,0.9692307692307695,0.9594444444444444,0.8925000000000004,0.8044444444444442,0.7865168539325843,0.8777144138100331,116.7305263157895,0.7865168539325843
"Soil erosion occurs when wind, water, or human activity removes the top layer of soil, which is vital for plant growth. Major causes include deforestation, overgrazing, poor agricultural practices, and construction activities that disturb the land. Without vegetation to hold soil in place, rain and wind can easily wash or blow it away. Preventing soil erosion involves practices like planting cover crops, maintaining vegetation buffers, practicing contour plowing, building terraces on slopes, and reducing over-tillage. Conservation farming and reforestation also play key roles in stabilizing soil and preserving long-term land productivity.",0.9902439024390248,0.9701388888888902,0.9635820895522395,0.9478494623655901,0.882380952380952,0.84,0.7912087912087912,0.8779530254927381,122.03578947368419,0.7912087912087912
"Precision agriculture uses technology — such as GPS, sensors, drones, and data analytics — to optimize every aspect of crop production. By analyzing real-time data on soil conditions, moisture levels, crop health, and weather patterns, farmers can apply water, fertilizers, and pesticides only where and when needed. This minimizes waste, reduces environmental impact, and improves yields. Precision agriculture transforms farming from a one-size-fits-all approach to a data-driven, site-specific strategy that helps conserve resources while increasing efficiency and sustainability.",0.9768115942028982,0.9381355932203393,0.9237037037037046,0.9129251700680265,0.8993103448275864,0.8633333333333334,0.8461538461538461,0.8989203434769394,141.96,0.8461538461538461
"Crop rotation involves growing different types of crops in the same field across different seasons or years. This practice naturally replenishes soil nutrients, as different crops have varying nutrient demands. For example, legumes like beans and peas fix nitrogen in the soil, which benefits the next crop. Crop rotation also disrupts pest and disease cycles and improves soil structure by alternating deep- and shallow-rooted plants. Over time, it leads to healthier, more fertile soil and reduces the need for chemical fertilizers and pesticides.",0.9554054054054049,0.9085937499999999,0.8800000000000008,0.8635802469135805,0.8094117647058825,0.7688888888888888,0.7469879518072289,0.823606192232597,91.85333333333332,0.7469879518072289
"Traditional farming involves growing crops in soil, relying on natural weather patterns, and often requiring large tracts of land. It is more vulnerable to pests, droughts, and soil-related issues. Hydroponic farming, in contrast, grows plants in a nutrient-rich water solution, often in controlled environments like greenhouses. It uses less water, requires no soil, and enables vertical farming in urban areas. While traditional farming is land-intensive and weather-dependent, hydroponics offers greater efficiency and space-saving potential but requires significant investment and technical expertise.",0.9708333333333332,0.932258064516129,0.9164912280701765,0.8929487179487178,0.8093750000000003,0.758095238095238,0.7407407407407407,0.8242239300783615,87.48,0.7407407407407407
"Monoculture — the practice of growing a single crop over a large area — significantly reduces biodiversity. It creates an environment where pests and diseases can thrive, leading to increased pesticide use. Without plant diversity, beneficial insects, soil microbes, and wildlife lose their habitats and food sources. This disrupts the ecological balance and weakens the resilience of farming systems. Over time, monoculture can also deplete specific soil nutrients and increase vulnerability to climate and market changes, threatening long-term agricultural sustainability.",0.9661971830985915,0.9368852459016398,0.9271428571428582,0.9176470588235288,0.8741935483870967,0.8022222222222224,0.7875,0.8644216859090269,105.41176470588236,0.7875
"AI can transform agriculture by analyzing vast datasets to make real-time decisions that improve crop productivity. Through machine learning, AI can predict weather patterns, soil conditions, and pest outbreaks, allowing farmers to take timely action. AI-powered drones and cameras monitor crop health, while smart irrigation systems ensure precise water usage. AI also helps in automating machinery and streamlining supply chains. By offering insights at both the micro (plant) and macro (farm) levels, AI enables more accurate, efficient, and sustainable farming practices.",0.9972222222222223,0.9790322580645164,0.9670175438596497,0.954487179487179,0.9212500000000005,0.8799999999999999,0.8518518518518519,0.9031600158709875,153.09,0.8518518518518519
"To receive organic certification, a farm must follow specific standards set by a governing body, such as USDA or India's NPOP. The process typically starts with a transition period (usually three years) where the farm avoids synthetic chemicals, GMOs, and non-organic inputs. During this time, soil health, crop rotation, and natural pest management practices are emphasized. Farmers must maintain detailed records and undergo regular inspections. Certification ensures that the food produced meets rigorous organic standards and gives consumers confidence in the product’s purity and sustainability.",0.9947368421052633,0.9621212121212128,0.9514754098360663,0.9452380952380943,0.9233333333333336,0.8703030303030304,0.8352941176470589,0.8964157907696761,144.50000000000006,0.8352941176470589
"Long-term overuse of pesticides can lead to serious environmental and health issues. It depletes soil microorganisms, reduces biodiversity, and contaminates water sources. Pests can also develop resistance, leading to a cycle of increased chemical use. For humans, chronic exposure may contribute to respiratory issues, hormone disruption, and even certain cancers. Furthermore, pesticide residues in food can affect consumer health. Sustainable alternatives like integrated pest management (IPM), biopesticides, and organic methods are crucial for reducing dependence on harmful chemicals.",0.9985507246376812,0.9847457627118643,0.9725925925925928,0.9612244897959183,0.9034482758620694,0.8,0.7948717948717948,0.8763324394903333,106.46999999999998,0.7948717948717948
"Indigenous farming practices, passed down through generations, are often deeply in tune with local ecosystems. These methods emphasize biodiversity, water conservation, and soil health, often using natural cycles and organic materials. Techniques like mixed cropping, seed preservation, and natural pest repellents reflect a sustainable approach rooted in observation and tradition. In the face of climate change and ecological degradation, integrating indigenous knowledge with modern science can lead to resilient, low-impact farming systems that honor cultural heritage and protect biodiversity.",0.9828571428571427,0.9391666666666663,0.9192727272727277,0.9066666666666658,0.8779999999999998,0.8613333333333333,0.8354430379746836,0.8912343264108745,134.4215384615385,0.8354430379746836
"Climate change poses a major threat to global food security by disrupting growing seasons, reducing crop yields, and increasing the frequency of extreme weather events like droughts, floods, and heatwaves. Rising temperatures affect crop physiology, water availability, and pest behavior. Staple crops such as wheat, rice, and maize are particularly vulnerable. Climate change also impacts fisheries and livestock, leading to higher food prices and reduced access in vulnerable regions. Ensuring food security will require adaptive farming techniques, climate-resilient crops, and global cooperation to reduce emissions and support affected communities.",0.9850000000000001,0.9350000000000003,0.9089230769230779,0.8911111111111107,0.8634999999999998,0.8035555555555557,0.7528089887640449,0.8396388426453243,100.81272727272726,0.7528089887640449
